id,category,image_url,name,price,review_count,stock
1,"Protein Powder",https://supplementler2.sm.mncdn.com/mnresize/145/-/Assets/Supplementler/Thumbs/supplementlercom_whey_protein_2000_gr_87480.jpeg,"Whey Protein Golden X",1200,153,48
2,"Protein Powder",https://supplementler2.sm.mncdn.com/mnresize/145/-/Assets/Supplementler/Thumbs/scitec_whey_professional_whey_protein_2350_gr_71324.jpeg,"Marks Isolate Protein",1450,90,0
3,"Protein Powder",https://supplementler2.sm.mncdn.com/mnresize/145/-/Assets/Supplementler/Thumbs/hardline_whey_3_matrix_2300_gr_104703.jpeg,"Vegan Protein Organic",1100,211,3
4,"Protein Powder",https://supplementler2.sm.mncdn.com/mnresize/145/-/Assets/Supplementler/Thumbs/scitec_whey_isolate_2000_gr_69196.jpeg,"Hydro Whey Zero Power",1350,65,50
5,"Protein Powder",https://supplementler2.sm.mncdn.com/mnresize/145/-/Assets/Supplementler/Thumbs/weider_premium_whey_protein_tozu_2300_gr_105321.jpeg,"Beef Protein Carnivor",1550,42,0
6,"Protein Powder",https://supplementler2.sm.mncdn.com/mnresize/145/-/Assets/Supplementler/Thumbs/supplementlercom_casein_protein_1000_gr_92776.jpeg,"Pure Whey Protein Pro",950,320,50
7,"Protein Powder",https://supplementler2.sm.mncdn.com/mnresize/145/-/Assets/Supplementler/Thumbs/clean_powders_protein_pudding_500_gr_105838.jpeg,"Casein Night Time Rec",1250,78,50
8,"Protein Powder",https://supplementler2.sm.mncdn.com/mnresize/145/-/Assets/Supplementler/Thumbs/clean_powders_vegan_protein_600_gr_105163.jpeg,"Pea Protein Vegan Mix",1050,150,3
9,"Protein Powder",https://supplementler2.sm.mncdn.com/mnresize/145/-/Assets/Supplementler/Thumbs/scitec_whey_professional_whey_protein_5000_gr_107580.jpeg,"Egg White Protein ISO",1600,33,50
10,"Protein Powder",https://supplementler2.sm.mncdn.com/mnresize/145/-/Assets/Supplementler/Thumbs/scitec_whey_isolate_700_gr_69194.jpeg,"Hemp Protein Organic+",1150,95,50
11,Creatine,https://supplementler2.sm.mncdn.com/mnresize/145/-/Assets/Supplementler/Thumbs/kingsize_nutrition_creatine_powder_1000_gr_aromasz_91769.jpeg,"Creatine Monohydrate+",650,410,50
12,Creatine,https://supplementler2.sm.mncdn.com/mnresize/145/-/Assets/Supplementler/Thumbs/supplementlercom_creatine_creapure_509_gr_99440.jpeg,"MX Creapure Creatine+",750,120,0
13,Creatine,https://supplementler2.sm.mncdn.com/mnresize/145/-/Assets/Supplementler/Thumbs/reflex_creapure_creatine_500_gr_38874.jpeg,"Micronized Creatine L",700,230,50
14,Creatine,https://supplementler2.sm.mncdn.com/mnresize/145/-/Assets/Supplementler/Thumbs/kingsize_nutrition_creatine_powder_1000_gr_70133.jpeg,"Creatine HCL Power Up",800,56,50
15,Creatine,https://supplementler2.sm.mncdn.com/mnresize/145/-/Assets/Supplementler/Thumbs/supplementlercom_creatine_creapure_255_gr_99436.jpeg,"Tri-Creatine Malate 6",720,88,3
16,Creatine,https://supplementler2.sm.mncdn.com/mnresize/145/-/Assets/Supplementler/Thumbs/kingsize_nutrition_creatine_beta_alanine_alpha_king_kombinasyonu_111799.jpeg,"Creatine Nitrate Xplo",850,45,50
17,Creatine,https://supplementler2.sm.mncdn.com/mnresize/145/-/Assets/Supplementler/Thumbs/optimum_micronized_creatine_powder_317_gr_80072.jpeg,"Buffered Creatine CAP",900,67,50
18,Creatine,https://supplementler2.sm.mncdn.com/mnresize/145/-/Assets/Supplementler/Thumbs/hardline_kreatin_mikronize_120_gr_103410.jpeg,"Liquid Creatine Drops",600,112,50
19,Creatine,https://supplementler2.sm.mncdn.com/mnresize/145/-/Assets/Supplementler/Thumbs/hardline_kreatin_100_mikronize_300_gr_14580.jpeg,"Creatine Ethyl Ester+",780,34,50
20,Creatine,https://supplementler2.sm.mncdn.com/mnresize/145/-/Assets/Supplementler/Thumbs/big_joy_crea_big_micronized_creatine_powder_300_gr_82214.jpeg,"Post Workout Creatine",680,190,0
21,BCAA,https://supplementler2.sm.mncdn.com/mnresize/145/-/Assets/Supplementler/Thumbs/supplementlercom_bcaa_b_complex_120_kapsl_81644.jpeg,"BCAA Ultra Weight X 1",500,140,50
22,BCAA,https://supplementler2.sm.mncdn.com/mnresize/145/-/Assets/Supplementler/Thumbs/kingsize_nutrition_bcaa_glutamine_powder_12_gr_20_sae_78902.jpeg,"BCAA Liquid Recaton +",550,95,50
23,BCAA,https://supplementler2.sm.mncdn.com/mnresize/145/-/Assets/Supplementler/Thumbs/supplementlercom_bcaa_211_300_gr_aromasz_76579.jpeg,"BCAA Powder Recaton X",480,210,50
24,BCAA,https://supplementler2.sm.mncdn.com/mnresize/145/-/Assets/Supplementler/Thumbs/kingsize_nutrition_bcaa_complex_powder_1000_gr_70086.jpeg,"Amino Energy Burst 44",520,305,50
25,BCAA,https://supplementler2.sm.mncdn.com/mnresize/145/-/Assets/Supplementler/Thumbs/supplementlercom_eaa_powder_300_gr_76610.jpeg,"Xtend BCAA Intra Work",580,175,50
26,BCAA,https://supplementler2.sm.mncdn.com/mnresize/145/-/Assets/Supplementler/Thumbs/kingsize_nutrition_bcaa_glutamine_powder_1000_gr_70077.jpeg,"BCAA Energy Drink Mix",350,400,50
27,BCAA,https://supplementler2.sm.mncdn.com/mnresize/145/-/Assets/Supplementler/Thumbs/hardline_bcaa_glutamine_530_gr_108363.jpeg,"Amino Acid Complex 50",450,122,50
28,BCAA,https://supplementler2.sm.mncdn.com/mnresize/145/-/Assets/Supplementler/Thumbs/hardline_bcaa_glutamine_115_gr_103411.jpeg,"Recovery BCAA Formula",510,89,50
29,BCAA,https://supplementler2.sm.mncdn.com/mnresize/145/-/Assets/Supplementler/Thumbs/kingsize_nutrition_bcaa_glutamine_powder_12_gr_1_sae_78997.jpeg,"BCAA Tablet 1000mg V2",400,66,50
30,BCAA,https://supplementler2.sm.mncdn.com/mnresize/145/-/Assets/Supplementler/Thumbs/big_joy_bcaa_glutamine_150_tablet_102245.jpeg,"Instant BCAA 4:1:1 X+",490,144,50
31,"Mass Gainer",https://supplementler2.sm.mncdn.com/mnresize/145/-/Assets/Supplementler/Thumbs/kingsize_nutrition_all_in_one_5000_gr_92520.jpeg,"Serious Mass Gainers ",1800,350,50
32,"Mass Gainer",https://supplementler2.sm.mncdn.com/mnresize/145/-/Assets/Supplementler/Thumbs/hardline_progainer_5000_gr_39320.jpeg,"Hardline Gainer XL 01",1650,180,50
33,"Mass Gainer",https://supplementler2.sm.mncdn.com/mnresize/145/-/Assets/Supplementler/Thumbs/supplementlercom_gainer_3000_gr_91072.jpeg,"Bulk Mass Gainer Doe ",1700,210,50
34,"Mass Gainer",https://supplementler2.sm.mncdn.com/mnresize/145/-/Assets/Supplementler/Thumbs/kingsize_nutrition_all_in_one_beast_mode_bcaa_glutamine_kombinasyonu_111798.jpeg,"Super Mass Gainer Pro",1750,95,50
35,"Mass Gainer",https://supplementler2.sm.mncdn.com/mnresize/145/-/Assets/Supplementler/Thumbs/kingsize_nutrition_rice_pudding_1500_gr_84012.jpeg,"Extreme Gainer Vol 21",1900,60,50
36,"Mass Gainer",https://supplementler2.sm.mncdn.com/mnresize/145/-/Assets/Supplementler/Thumbs/big_joy_big_mass_gh_factors_3000_gr_82136.jpeg,"Lean Mass Builder Pro",1600,130,50
37,"Mass Gainer",https://supplementler2.sm.mncdn.com/mnresize/145/-/Assets/Supplementler/Thumbs/big_joy_big_mass_gh_factors_go_5000_gr_50_sae_mix_36626.jpeg,"Clean Gainer High Cal",1850,77,50
38,"Mass Gainer",https://supplementler2.sm.mncdn.com/mnresize/145/-/Assets/Supplementler/Thumbs/big_joy_big_mass_gh_factors_go_5000_gr_50_sae_97488.jpeg,"Weight Gainer 5000 XL",2100,45,50
39,"Mass Gainer",https://supplementler2.sm.mncdn.com/mnresize/145/-/Assets/Supplementler/Thumbs/olimp_gain_bolic_6000_3500_gr_11099.jpeg,"Carbo Load Mass Gain+",1550,260,50
40,"Mass Gainer",https://supplementler2.sm.mncdn.com/mnresize/145/-/Assets/Supplementler/Thumbs/big_joy_big_mass_gh_factors_1500_gr_88738.jpeg,"Pro Gainer Complex 22",1950,88,50
